name,designation,subcategory,category,image
Dr Dwaipayan Mukherjee,President AOI,President AOI,Organising Committee,https://www.aoicon2026kolkata.com/assets/images/committee/dwaipan.jpeg
Dr Barin Kumar Roychaudhuri,Chief Patron,Patron,Organising Committee,https://www.aoicon2026kolkata.com/assets/images/logo.png
Dr Santanu Banerjee,Chief Patron,Patron,Organising Committee,https://www.aoicon2026kolkata.com/assets/images/logo.png
Dr A M Saha,Chief Advisor,Advisor,Organising Committee,https://www.aoicon2026kolkata.com/assets/images/logo.png
Dr Dulal Kumar Basu,Chief Advisor,Advisor,Organising Committee,https://www.aoicon2026kolkata.com/assets/images/logo.png
Dr. H. Bora,Advisors,Advisor,Organising Committee,https://www.aoicon2026kolkata.com/assets/images/logo.png
Dr. J. N. Gurtu,Advisors,Advisor,Organising Committee,https://www.aoicon2026kolkata.com/assets/images/logo.png
Dr. B. K. Roy,Advisors,Advisor,Organising Committee,https://www.aoicon2026kolkata.com/assets/images/logo.png
Dr. D. N. Chatterjee,Advisors,Advisor,Organising Committee,https://www.aoicon2026kolkata.com/assets/images/logo.png
Dr. B. C. Das,Advisors,Advisor,Organising Committee,https://www.aoicon2026kolkata.com/assets/images/logo.png
Dr. Debasis Sanyal,Advisors,Advisor,Organising Committee,https://www.aoicon2026kolkata.com/assets/images/logo.png
Dr. Debratan Nandi,Advisors,Advisor,Organising Committee,https://www.aoicon2026kolkata.com/assets/images/logo.png
Dr. S. B. Banerjee,Advisors,Advisor,Organising Committee,https://www.aoicon2026kolkata.com/assets/images/logo.png
Dr. D. N. Munshi,Advisors,Advisor,Organising Committee,https://www.aoicon2026kolkata.com/assets/images/logo.png
Dr. Anirban Biswas,Advisors,Advisor,Organising Committee,https://www.aoicon2026kolkata.com/assets/images/logo.png
Dr. Somnath Saha,Advisors,Advisor,Organising Committee,https://www.aoicon2026kolkata.com/assets/images/logo.png
Dr. S. P. Bera,Advisors,Advisor,Organising Committee,https://www.aoicon2026kolkata.com/assets/images/logo.png
Dr. Sumit Kumar Basu,Advisors,Advisor,Organising Committee,https://www.aoicon2026kolkata.com/assets/images/logo.png
Dr. Subir Haldar,Advisors,Advisor,Organising Committee,https://www.aoicon2026kolkata.com/assets/images/logo.png
Dr. Syamal Ghosh,Advisors,Advisor,Organising Committee,https://www.aoicon2026kolkata.com/assets/images/logo.png
Dr. Ajit Kumar Saha,Advisors,Advisor,Organising Committee,https://www.aoicon2026kolkata.com/assets/images/logo.png
Dr. Swarup Haldar,Advisors,Advisor,Organising Committee,https://www.aoicon2026kolkata.com/assets/images/logo.png
Dr. Bhudeb Bhattacharyya,Advisors,Advisor,Organising Committee,https://www.aoicon2026kolkata.com/assets/images/logo.png
Dr. Tapas Nandi,Advisors,Advisor,Organising Committee,https://www.aoicon2026kolkata.com/assets/images/logo.png
Dr. Ranjan Paul,Advisors,Advisor,Organising Committee,https://www.aoicon2026kolkata.com/assets/images/logo.png
Dr. Asit Kumar Chattopadhyay,Advisors,Advisor,Organising Committee,https://www.aoicon2026kolkata.com/assets/images/logo.png
Dr. Anup Basu Mallik,Advisors,Advisor,Organising Committee,https://www.aoicon2026kolkata.com/assets/images/logo.png
Dr. Amal Basak,Advisors,Advisor,Organising Committee,https://www.aoicon2026kolkata.com/assets/images/logo.png
Dr. Amar Gobinda Chakroborty,Advisors,Advisor,Organising Committee,https://www.aoicon2026kolkata.com/assets/images/logo.png
Dr. Braja Ballav Pakira,Advisors,Advisor,Organising Committee,https://www.aoicon2026kolkata.com/assets/images/logo.png
Dr. Tapan Kanti Hazra,Advisors,Advisor,Organising Committee,https://www.aoicon2026kolkata.com/assets/images/logo.png
Dr. Ramanuj Sinha,Advisors,Advisor,Organising Committee,https://www.aoicon2026kolkata.com/assets/images/logo.png
Dr. P. B. Mondal,Advisors,Advisor,Organising Committee,https://www.aoicon2026kolkata.com/assets/images/logo.png
Dr. Kamalendu Haldar,Advisors,Advisor,Organising Committee,https://www.aoicon2026kolkata.com/assets/images/logo.png
Dr. Anupam Nath,Advisors,Advisor,Organising Committee,https://www.aoicon2026kolkata.com/assets/images/logo.png
Dr. B. N. Sil,Advisors,Advisor,Organising Committee,https://www.aoicon2026kolkata.com/assets/images/logo.png
Dr. Satyabrata Banerjee,Advisors,Advisor,Organising Committee,https://www.aoicon2026kolkata.com/assets/images/logo.png
Dr. Sanat Karmakar,Advisors,Advisor,Organising Committee,https://www.aoicon2026kolkata.com/assets/images/logo.png
Dr. Sourav Chanda,Advisors,Advisor,Organising Committee,https://www.aoicon2026kolkata.com/assets/images/logo.png
Dr. Gopal Chandra Haldar,Advisors,Advisor,Organising Committee,https://www.aoicon2026kolkata.com/assets/images/logo.png
Dr. Sandip Saha,Advisors,Advisor,Organising Committee,https://www.aoicon2026kolkata.com/assets/images/logo.png
Dr. Atanu Ghosh,Advisors,Advisor,Organising Committee,https://www.aoicon2026kolkata.com/assets/images/logo.png
Dr. Tapan Nandi,Advisors,Advisor,Organising Committee,https://www.aoicon2026kolkata.com/assets/images/logo.png
Dr. Asamanja Biswas,Advisors,Advisor,Organising Committee,https://www.aoicon2026kolkata.com/assets/images/logo.png
Dr. Indranil Banerjee,Advisors,Advisor,Organising Committee,https://www.aoicon2026kolkata.com/assets/images/logo.png
Dr. Ajay Narayan Singh,Advisors,Advisor,Organising Committee,https://www.aoicon2026kolkata.com/assets/images/logo.png
Dr. Alok Sil,Advisors,Advisor,Organising Committee,https://www.aoicon2026kolkata.com/assets/images/logo.png
Dr. Amit Kumar Khanra,Advisors,Advisor,Organising Committee,https://www.aoicon2026kolkata.com/assets/images/logo.png
Dr. John Mathew,Advisors,Advisor,Organising Committee,https://www.aoicon2026kolkata.com/assets/images/logo.png
Dr. Amit Maiti,Advisors,Advisor,Organising Committee,https://www.aoicon2026kolkata.com/assets/images/logo.png
Dr. Bijan Adhikari,Advisors,Advisor,Organising Committee,https://www.aoicon2026kolkata.com/assets/images/logo.png
Dr. Chandan Ghoshal,Advisors,Advisor,Organising Committee,https://www.aoicon2026kolkata.com/assets/images/logo.png
Dr. Ashok Dandapath,Advisors,Advisor,Organising Committee,https://www.aoicon2026kolkata.com/assets/images/logo.png
Dr. Asim Jiban Basu,Advisors,Advisor,Organising Committee,https://www.aoicon2026kolkata.com/assets/images/logo.png
Dr. Monotosh Dutta,Advisors,Advisor,Organising Committee,https://www.aoicon2026kolkata.com/assets/images/logo.png
Dr. I. N. Kundu,Advisors,Advisor,Organising Committee,https://www.aoicon2026kolkata.com/assets/images/logo.png
Dr. Iskander Hussain,Advisors,Advisor,Organising Committee,https://www.aoicon2026kolkata.com/assets/images/logo.png
Dr. T. K. Roychowdhury,Advisors,Advisor,Organising Committee,https://www.aoicon2026kolkata.com/assets/images/logo.png
Dr. Krishna Kinkar Mandal,Advisors,Advisor,Organising Committee,https://www.aoicon2026kolkata.com/assets/images/logo.png
Dr. B. C. Gayen,Advisors,Advisor,Organising Committee,https://www.aoicon2026kolkata.com/assets/images/logo.png
Dr. Kashi Nath Kapat,Advisors,Advisor,Organising Committee,https://www.aoicon2026kolkata.com/assets/images/logo.png
Dr. Prasanta Ghosh,Advisors,Advisor,Organising Committee,https://www.aoicon2026kolkata.com/assets/images/logo.png
Dr. Anup Bhowmick,Advisors,Advisor,Organising Committee,https://www.aoicon2026kolkata.com/assets/images/logo.png
Dr. Shantanu Nandy,Advisors,Advisor,Organising Committee,https://www.aoicon2026kolkata.com/assets/images/logo.png
Dr. Alok Bose Majumder,Advisors,Advisor,Organising Committee,https://www.aoicon2026kolkata.com/assets/images/logo.png
Dr. Barun Bhattacharjee,Advisors,Advisor,Organising Committee,https://www.aoicon2026kolkata.com/assets/images/logo.png
Dr Utpal Jana,Organising Chairman,Organising Chairman,Organising Committee,https://www.aoicon2026kolkata.com/assets/images/logo.png
Dr Snehasis Barman,Organising Secretary,Organising Secretary,Organising Committee,https://www.aoicon2026kolkata.com/assets/images/logo.png
Dr Prabir Basu,Chairman Reception,Chairman Reception,Organising Committee,https://www.aoicon2026kolkata.com/assets/images/logo.png
Dr Ajoy Kumar Khaowas,Treasurer Committee,Treasurer Committee,Organising Committee,https://www.aoicon2026kolkata.com/assets/images/logo.png
Dr. Arunabha Sengupta,Convenor,Convenor,Organising Committee,https://www.aoicon2026kolkata.com/assets/images/logo.png
Dr. Amitabha Roychowdhury,Convenor,Convenor,Organising Committee,https://www.aoicon2026kolkata.com/assets/images/logo.png
Dr. Dipankar Mukherjee,Organising Co-Chairman,Organising Co-Chairman,Organising Committee,https://www.aoicon2026kolkata.com/assets/images/logo.png
Dr. Bidhan Ray,Organising Co-Chairman,Organising Co-Chairman,Organising Committee,https://www.aoicon2026kolkata.com/assets/images/logo.png
Dr. Diptanshu Mukherjee,Joint Secretary,Joint Secretary,Organising Committee,https://www.aoicon2026kolkata.com/assets/images/logo.png
Dr. Debabrata Das,Joint Secretary,Joint Secretary,Organising Committee,https://www.aoicon2026kolkata.com/assets/images/logo.png
Dr. Manas Guha,Co-Chairman Reception,Co-Chairman Reception,Organising Committee,https://www.aoicon2026kolkata.com/assets/images/logo.png
Dr. Manjula Bhattacharya(Dey),Co-Chairman Reception,Co-Chairman Reception,Organising Committee,https://www.aoicon2026kolkata.com/assets/images/logo.png
Dr. Saumitra Kumar,Assistant Treasurer Committee,Assistant Treasurer Committee,Organising Committee,https://www.aoicon2026kolkata.com/assets/images/logo.png
Dr. Chiranjib Das,Assistant Treasurer Committee,Assistant Treasurer Committee,Organising Committee,https://www.aoicon2026kolkata.com/assets/images/logo.png
Dr. Soumendranath Bandyopadhyay,Scientific Committee Chairman,Scientific Committee,Organising Committee,https://www.aoicon2026kolkata.com/assets/images/logo.png
Dr. P.B. Ray,Souvenir Committee Chairman,Souvenir Committee,Organising Committee,https://www.aoicon2026kolkata.com/assets/images/logo.png
Dr. Subhendu Kar,Registration Committee Chairman,Registration Committee,Organising Committee,https://www.aoicon2026kolkata.com/assets/images/logo.png
Dr. N V K Mohan,Workshop Committee Chairman,Workshop Committee,Organising Committee,https://www.aoicon2026kolkata.com/assets/images/logo.png
Dr. K. P. Verma,Workshop Committee Member,Workshop Committee,Organising Committee,https://www.aoicon2026kolkata.com/assets/images/logo.png
Dr Nilotpal Dutta,Workshop Committee Member,Workshop Committee,Organising Committee,https://www.aoicon2026kolkata.com/assets/images/logo.png
Dr. Sayan Banerjee,Workshop Committee Member,Workshop Committee,Organising Committee,https://www.aoicon2026kolkata.com/assets/images/logo.png
Dr. Srijita Mahapatra,Workshop Committee Member,Workshop Committee,Organising Committee,https://www.aoicon2026kolkata.com/assets/images/logo.png
Dr. Animesh Ghosh,Workshop Committee Member,Workshop Committee,Organising Committee,https://www.aoicon2026kolkata.com/assets/images/logo.png
 Dr. Himadri Sekhar Majumdar,Workshop Committee Member,Workshop Committee,Organising Committee,https://www.aoicon2026kolkata.com/assets/images/logo.png
Dr. Souvik Roychowdhury,Workshop Committee Member,Workshop Committee,Organising Committee,https://www.aoicon2026kolkata.com/assets/images/logo.png
Dr. Saumitra Ghosh,Workshop Committee Member,Workshop Committee,Organising Committee,https://www.aoicon2026kolkata.com/assets/images/logo.png
Dr. Samrat Bandopadhyay,Workshop Committee Member,Workshop Committee,Organising Committee,https://www.aoicon2026kolkata.com/assets/images/logo.png
Dr. Arindam das,Workshop Committee Member,Workshop Committee,Organising Committee,https://www.aoicon2026kolkata.com/assets/images/logo.png
Dr. T. K. Ghosh,Finance Committee Chairman,Finance Committee,Organising Committee,https://www.aoicon2026kolkata.com/assets/images/logo.png
Dr. Atish Haldar,Finance Committee Member,Finance Committee,,
 Dr. Bivas Adhikary,Finance Committee Member,Finance Committee,,
 Dr. Anurag Mandal,Finance Committee Member,Finance Committee,,
Dr. Misbahul Haque,Finance Committee Member,Finance Committee,,
 Dr. Shubhra Kanti Sen,Finance Committee Member,Finance Committee,,
Dr. Debasish Ghosh,Finance Committee Member,Finance Committee,,
Dr. Somnath Ray,Finance Committee Member,Finance Committee,,
 Dr. Sirshak Dutta,Finance Committee Member,Finance Committee,,
 Dr. Subhadip Sardar,Finance Committee Member,Finance Committee,,
Dr. Subhajit Banerjee,Cultural Chairman,Cultural Commitee,Organising Committee,https://www.aoicon2026kolkata.com/assets/images/logo.png
Dr. Monoj Mukherjee,Trade and Exhibition Chairman,Trade and Exhibition Committee,Organising Committee,https://www.aoicon2026kolkata.com/assets/images/logo.png
Dr. Arjun Dasgupta,Press and Publicity Chairman,Press and Publicity Committee,Organising Committee,https://www.aoicon2026kolkata.com/assets/images/logo.png
Dr. Sumanta Dutta,Audio Visual Chairman,Audio Visual Committee,Organising Committee,https://www.aoicon2026kolkata.com/assets/images/logo.png
Dr. Manojendra Narayan Bhattacharya,Venue Chairman,Venue Committee,Organising Committee,https://www.aoicon2026kolkata.com/assets/images/logo.png
Dr. Ajay Mallick,Instructional Course Chairman,Instructional Course Committee,Organising Committee,https://www.aoicon2026kolkata.com/assets/images/logo.png
Dr. Chirajit Dutta,Website and Media Chairman,Website and Media Committee,Organising Committee,https://www.aoicon2026kolkata.com/assets/images/logo.png
Dr. Debasish Mukherjee,Transport Chairman,Transport Committee,Organising Committee,https://www.aoicon2026kolkata.com/assets/images/logo.png
Dr. Himanish K Mondal,Accommodation Chairman,Accommodation Committee,Organising Committee,https://www.aoicon2026kolkata.com/assets/images/logo.png
Dr. Sekhar Bandopadhyay,CME Chairman,CME Committee,Organising Committee,https://www.aoicon2026kolkata.com/assets/images/logo.png
Dr. Jayanta Saha,Fellowship Chairman,Fellowship Committee,Organising Committee,https://www.aoicon2026kolkata.com/assets/images/logo.png
Dr. Sudip Das,Tours and Travels Chairman,Tours and Travels Committee,Organising Committee,https://www.aoicon2026kolkata.com/assets/images/logo.png
Dr. Debasish Guha,Food and Beverages Chairman,Food and Beverages Committee,Organising Committee,https://www.aoicon2026kolkata.com/assets/images/logo.png
Dr. Sharmistha Bandopadhyaya,Faculty Hospitality Chairman,Faculty Hospitality Committee,Organising Committee,https://www.aoicon2026kolkata.com/assets/images/logo.png
Dr. Anirban Ghosh,Invitation Chairman,Invitation Committee,Organising Committee,https://www.aoicon2026kolkata.com/assets/images/logo.png
Dr. Sukumar Kundu,Gifts and Mementos Chairman,Gifts and Mementos Committee,Organising Committee,https://www.aoicon2026kolkata.com/assets/images/logo.png
Dr. Debasish Barman,Certificate Chairman,Certificate Committee,Organising Committee,https://www.aoicon2026kolkata.com/assets/images/logo.png
Dr. Sukumar Kundu,InformationandCoordination Chairman,InformationandCoordination Committee,Organising Committee,https://www.aoicon2026kolkata.com/assets/images/logo.png
Dr Aniruddha Majumdar,Scientific Committee Member,Scientific Committee,Organising Committee,https://www.aoicon2026kolkata.com/assets/images/logo.png
Dr A B Bose,Scientific Committee Member,Scientific Committee,Organising Committee,https://www.aoicon2026kolkata.com/assets/images/logo.png
Dr Ambily Sahadevan,Scientific Committee Member,Scientific Committee,Organising Committee,https://www.aoicon2026kolkata.com/assets/images/logo.png
Dr Mainak Dutta,Scientific Committee Member,Scientific Committee,Organising Committee,https://www.aoicon2026kolkata.com/assets/images/logo.png
Dr Kinjal Majumder,Scientific Committee Member,Scientific Committee,Organising Committee,https://www.aoicon2026kolkata.com/assets/images/logo.png
Dr Soumen Chattopadhyay,Scientific Committee Member,Scientific Committee,Organising Committee,https://www.aoicon2026kolkata.com/assets/images/logo.png
Dr Tanaya Panja,Scientific Committee Member,Scientific Committee,Organising Committee,https://www.aoicon2026kolkata.com/assets/images/logo.png
Dr Debangshu Ghosh,Scientific Committee Member,Scientific Committee,Organising Committee,https://www.aoicon2026kolkata.com/assets/images/logo.png
Dr Titas Kar,Scientific Committee Member,Scientific Committee,Organising Committee,https://www.aoicon2026kolkata.com/assets/images/logo.png
Dr Pradip Patra,Souvenir Committee Member,Souvenir Committee,Organising Committee,https://www.aoicon2026kolkata.com/assets/images/logo.png
Dr Indranil Pal,Souvenir Committee Member,Souvenir Committee,Organising Committee,https://www.aoicon2026kolkata.com/assets/images/logo.png
Dr Ranjan Roy Chowdhury,Souvenir Committee Member,Souvenir Committee,Organising Committee,https://www.aoicon2026kolkata.com/assets/images/logo.png
Dr Pranabasish Banerjee,Souvenir Committee Member,Souvenir Committee,Organising Committee,https://www.aoicon2026kolkata.com/assets/images/logo.png
Dr Subhomoy Karmakar,Souvenir Committee Member,Souvenir Committee,Organising Committee,https://www.aoicon2026kolkata.com/assets/images/logo.png
Dr Anjali Ghosh,Souvenir Committee Member,Souvenir Committee,Organising Committee,https://www.aoicon2026kolkata.com/assets/images/logo.png
Dr Alokendu Bose,Souvenir Committee Member,Souvenir Committee,Organising Committee,https://www.aoicon2026kolkata.com/assets/images/logo.png
Dr Amit Chakroborty,Registration Committee Member,Registration Committee,Organising Committee,https://www.aoicon2026kolkata.com/assets/images/logo.png
Dr Sreshthendu Saha,Registration Committee Member,Registration Committee,Organising Committee,https://www.aoicon2026kolkata.com/assets/images/logo.png
Dr Bidhan Chowdhuri,Registration Committee Member,Registration Committee,Organising Committee,https://www.aoicon2026kolkata.com/assets/images/logo.png
Dr Ushrin Bose,Registration Committee Member,Registration Committee,Organising Committee,https://www.aoicon2026kolkata.com/assets/images/logo.png
Dr Samrat Sandip Bose,Registration Committee Member,Registration Committee,Organising Committee,https://www.aoicon2026kolkata.com/assets/images/logo.png
Dr Suyash Banerjee,Registration Committee Member,Registration Committee,Organising Committee,https://www.aoicon2026kolkata.com/assets/images/logo.png
Dr Mainak Maitra,Registration Committee Member,Registration Committee,Organising Committee,https://www.aoicon2026kolkata.com/assets/images/logo.png
Dr Rahul Sarkar,Registration Committee Member,Registration Committee,Organising Committee,https://www.aoicon2026kolkata.com/assets/images/logo.png
Dr Apurba Sarkar,Registration Committee Member,Registration Committee,Organising Committee,https://www.aoicon2026kolkata.com/assets/images/logo.png
Dr Arvind Kumar Verma,Registration Committee Member,Registration Committee,Organising Committee,https://www.aoicon2026kolkata.com/assets/images/logo.png
Dr Lucy Laskar,Registration Committee Member,Registration Committee,Organising Committee,https://www.aoicon2026kolkata.com/assets/images/logo.png
Dr Aniruddha Bose,Cultural Committee Member,Cultural Committee,Organising Committee,https://www.aoicon2026kolkata.com/assets/images/logo.png
Dr Ranjita Bhattacharya,Cultural Committee Member,Cultural Committee,Organising Committee,https://www.aoicon2026kolkata.com/assets/images/logo.png
Dr Dhrubojoyti Patra,Cultural Committee Member,Cultural Committee,Organising Committee,https://www.aoicon2026kolkata.com/assets/images/logo.png
Dr Subhasish Chakroborty,Cultural Committee Member,Cultural Committee,Organising Committee,https://www.aoicon2026kolkata.com/assets/images/logo.png
Dr Samarjit Das,Cultural Committee Member,Cultural Committee,Organising Committee,https://www.aoicon2026kolkata.com/assets/images/logo.png
Dr Prasenjit Gangopadhyay,Cultural Committee Member,Cultural Committee,Organising Committee,https://www.aoicon2026kolkata.com/assets/images/logo.png
Dr Bireswar Mandal,Trade and Exhibition Committee Member,Trade and Exhibition Committee,Organising Committee,https://www.aoicon2026kolkata.com/assets/images/logo.png
Dr Kalyan Pal,Trade and Exhibition Committee Member,Trade and Exhibition Committee ,Organising Committee,https://www.aoicon2026kolkata.com/assets/images/logo.png
Dr Ratnadeep Ghosh,Trade and Exhibition Committee Member,Trade and Exhibition Committee ,Organising Committee,https://www.aoicon2026kolkata.com/assets/images/logo.png
Dr Sanjay Kumar Ghosh,Trade and Exhibition Committee Member,Trade and Exhibition Committee ,Organising Committee,https://www.aoicon2026kolkata.com/assets/images/logo.png
Dr Prasenjit Dey,Trade and Exhibition Committee Member,Trade and Exhibition Committee ,Organising Committee,https://www.aoicon2026kolkata.com/assets/images/logo.png
Dr Moumita Sen,Trade and Exhibition Committee Member,Trade and Exhibition Committee ,Organising Committee,https://www.aoicon2026kolkata.com/assets/images/logo.png
Dr Subhadip Dhara,Trade and Exhibition Committee Member,Trade and Exhibition Committee ,Organising Committee,https://www.aoicon2026kolkata.com/assets/images/logo.png
Dr Swapan Ghosh,Trade and Exhibition Committee Member,Trade and Exhibition Committee ,Organising Committee,https://www.aoicon2026kolkata.com/assets/images/logo.png
Dr Krishnendu Bose,Trade and Exhibition Committee Member,Trade and Exhibition Committee ,Organising Committee,https://www.aoicon2026kolkata.com/assets/images/logo.png
Dr Amitabha Bhattacharya,Press and Publicity Committee Member,Press and Publicity Committee,Organising Committee,https://www.aoicon2026kolkata.com/assets/images/logo.png
Dr Sanjay Gupta,Press and Publicity Committee Member,Press and Publicity Committee ,Organising Committee,https://www.aoicon2026kolkata.com/assets/images/logo.png
Dr Sankha Chowdhury,Press and Publicity Committee Member,Press and Publicity Committee ,Organising Committee,https://www.aoicon2026kolkata.com/assets/images/logo.png
Dr Arvind Gupta,Press and Publicity Committee Member,Press and Publicity Committee ,Organising Committee,https://www.aoicon2026kolkata.com/assets/images/logo.png
Dr Koushik Das,Press and Publicity Committee Member,Press and Publicity Committee ,Organising Committee,https://www.aoicon2026kolkata.com/assets/images/logo.png
Dr Kallol Das,Press and Publicity Committee Member,Press and Publicity Committee ,Organising Committee,https://www.aoicon2026kolkata.com/assets/images/logo.png
Dr Sarvesh Azgaonkar,Press and Publicity Committee Member,Press and Publicity Committee ,Organising Committee,https://www.aoicon2026kolkata.com/assets/images/logo.png
Dr Bijan Basak,Press and Publicity Committee Member,Press and Publicity Committee ,Organising Committee,https://www.aoicon2026kolkata.com/assets/images/logo.png
Dr Dhiraj Ranjan Sarkar,Audio Visual Committee Member,Audio Visual Committee,Organising Committee,https://www.aoicon2026kolkata.com/assets/images/logo.png
Dr Saikat Samaddar,Audio Visual Committee Member,Audio Visual Committee ,Organising Committee,https://www.aoicon2026kolkata.com/assets/images/logo.png
Dr Subhadeep Karanjai,Audio Visual Committee Member,Audio Visual Committee ,Organising Committee,https://www.aoicon2026kolkata.com/assets/images/logo.png
Dr Saheli Ghosh,Audio Visual Committee Member,Audio Visual Committee ,Organising Committee,https://www.aoicon2026kolkata.com/assets/images/logo.png
Dr Md. Naksh Kamar,Audio Visual Committee Member,Audio Visual Committee ,Organising Committee,https://www.aoicon2026kolkata.com/assets/images/logo.png
Dr Sukrit Bose,Audio Visual Committee Member,Audio Visual Committee ,Organising Committee,https://www.aoicon2026kolkata.com/assets/images/logo.png
Dr Tarun Kanti Kar,Audio Visual Committee Member,Audio Visual Committee ,Organising Committee,https://www.aoicon2026kolkata.com/assets/images/logo.png
Dr Saurabh Gupta,Audio Visual Committee Member,Audio Visual Committee ,Organising Committee,https://www.aoicon2026kolkata.com/assets/images/logo.png
Dr Bivas Mandal,Audio Visual Committee Member,Audio Visual Committee ,Organising Committee,https://www.aoicon2026kolkata.com/assets/images/logo.png
Dr Bibekananda Chakroborty,Venue Committee Member,Venue Committee ,Organising Committee,https://www.aoicon2026kolkata.com/assets/images/logo.png
Dr Sudipta Pal,Venue Committee Member,Venue Committee ,Organising Committee,https://www.aoicon2026kolkata.com/assets/images/logo.png
Dr Shovanik Satpathy,Venue Committee Member,Venue Committee ,Organising Committee,https://www.aoicon2026kolkata.com/assets/images/logo.png
Dr Tulika Laha Bose,Venue Committee Member,Venue Committee ,Organising Committee,https://www.aoicon2026kolkata.com/assets/images/logo.png
Dr Sukhendu Majumdar,Venue Committee Member,Venue Committee ,Organising Committee,https://www.aoicon2026kolkata.com/assets/images/logo.png
Dr Saibal Chattopadhyay,Venue Committee Member,Venue Committee ,Organising Committee,https://www.aoicon2026kolkata.com/assets/images/logo.png
Dr Debajyoti Das,Venue Committee Member,Venue Committee ,Organising Committee,https://www.aoicon2026kolkata.com/assets/images/logo.png
Dr Harsh Dhar,Venue Committee Member,Venue Committee ,Organising Committee,https://www.aoicon2026kolkata.com/assets/images/logo.png
Dr Ruma Guha,Instructional Course Committee Member,Instructional Course Committee,Organising Committee,https://www.aoicon2026kolkata.com/assets/images/logo.png
Dr Swagatam Banerjee,Instructional Course Committee Member,Instructional Course Committee ,Organising Committee,https://www.aoicon2026kolkata.com/assets/images/logo.png
Dr Roohie Singh,Instructional Course Committee Member,Instructional Course Committee ,Organising Committee,https://www.aoicon2026kolkata.com/assets/images/logo.png
Dr Gautam Guha,Instructional Course Committee Member,Instructional Course Committee ,Organising Committee,https://www.aoicon2026kolkata.com/assets/images/logo.png
Dr Biswajit Sikder,Instructional Course Committee Member,Instructional Course Committee ,Organising Committee,https://www.aoicon2026kolkata.com/assets/images/logo.png
Dr Devjani Ghosh Shrestha,Instructional Course Committee Member,Instructional Course Committee ,Organising Committee,https://www.aoicon2026kolkata.com/assets/images/logo.png
Dr Indranil Sen,Website and Media Committee Member,Website and Media Committee ,Organising Committee,https://www.aoicon2026kolkata.com/assets/images/logo.png
Dr Sabyasachi Gon,Website and Media Committee Member,Website and Media Committee ,Organising Committee,https://www.aoicon2026kolkata.com/assets/images/logo.png
Dr Santu Majhi,Website and Media Committee Member,Website and Media Committee ,Organising Committee,https://www.aoicon2026kolkata.com/assets/images/logo.png
Dr Anupama Satpathy,Website and Media Committee Member,Website and Media Committee ,Organising Committee,https://www.aoicon2026kolkata.com/assets/images/logo.png
Dr Ranadhir Sarkar,Website and Media Committee Member,Website and Media Committee ,Organising Committee,https://www.aoicon2026kolkata.com/assets/images/logo.png
Dr Chandreyi Banerjee,Website and Media Committee Member,Website and Media Committee ,Organising Committee,https://www.aoicon2026kolkata.com/assets/images/logo.png
Dr D P Parekh,Website and Media Committee Member,Website and Media Committee ,Organising Committee,https://www.aoicon2026kolkata.com/assets/images/logo.png
Dr Rajiv Singh,Website and Media Committee Member,Website and Media Committee ,Organising Committee,https://www.aoicon2026kolkata.com/assets/images/logo.png
Dr Tarun Patra,Transport Committee Member,Transport Committee ,Organising Committee,https://www.aoicon2026kolkata.com/assets/images/logo.png
Dr Dipanjan Chakraborty,Transport Committee Member,Transport Committee ,Organising Committee,https://www.aoicon2026kolkata.com/assets/images/logo.png
Dr Santanu Sit,Transport Committee Member,Transport Committee ,Organising Committee,https://www.aoicon2026kolkata.com/assets/images/logo.png
Dr Ajay Arya,Transport Committee Member,Transport Committee ,Organising Committee,https://www.aoicon2026kolkata.com/assets/images/logo.png
Dr Aniruddha Dam,Transport Committee Member,Transport Committee ,Organising Committee,https://www.aoicon2026kolkata.com/assets/images/logo.png
Dr Ashim Kumar Banerjee,Transport Committee Member,Transport Committee ,Organising Committee,https://www.aoicon2026kolkata.com/assets/images/logo.png
Dr Sumit Chatterjee,Accommodation Committee Member,Accommodation Committee ,Organising Committee,https://www.aoicon2026kolkata.com/assets/images/logo.png
Dr Subhashis Dasgupta,Accommodation Committee Member,Accommodation Committee ,Organising Committee,https://www.aoicon2026kolkata.com/assets/images/logo.png
Dr Bimal Mondal,Accommodation Committee Member,Accommodation Committee ,Organising Committee,https://www.aoicon2026kolkata.com/assets/images/logo.png
Dr Aparna Banerjee,Accommodation Committee Member,Accommodation Committee ,Organising Committee,https://www.aoicon2026kolkata.com/assets/images/logo.png
Dr Amritendu K Maity,Accommodation Committee Member,Accommodation Committee ,Organising Committee,https://www.aoicon2026kolkata.com/assets/images/logo.png
Dr Debasish Mallik,Accommodation Committee Member,Accommodation Committee ,Organising Committee,https://www.aoicon2026kolkata.com/assets/images/logo.png
Dr Pijush Kumar Ray,CME Committee Member,CME Committee ,Organising Committee,https://www.aoicon2026kolkata.com/assets/images/logo.png
Dr Swapan Ghosh,CME Committee Member,CME Committee ,Organising Committee,https://www.aoicon2026kolkata.com/assets/images/logo.png
Dr Debdulal Chakroborty,CME Committee Member,CME Committee ,Organising Committee,https://www.aoicon2026kolkata.com/assets/images/logo.png
Dr Shantanu Panja,CME Committee Member,CME Committee ,Organising Committee,https://www.aoicon2026kolkata.com/assets/images/logo.png
Dr Kanishka Chowdhury,CME Committee Member,CME Committee ,Organising Committee,https://www.aoicon2026kolkata.com/assets/images/logo.png
Dr Pallab Majumdar,Fellowship Committee Member,Fellowship Committee ,Organising Committee,https://www.aoicon2026kolkata.com/assets/images/logo.png
Dr Ashok K Saha,Fellowship Committee Member,Fellowship Committee ,Organising Committee,https://www.aoicon2026kolkata.com/assets/images/logo.png
Dr Anupam Biswas,Fellowship Committee Member,Fellowship Committee ,Organising Committee,https://www.aoicon2026kolkata.com/assets/images/logo.png
Dr Samiran Roy,Fellowship Committee Member,Fellowship Committee ,Organising Committee,https://www.aoicon2026kolkata.com/assets/images/logo.png
Dr Aloke Majumdar,Fellowship Committee Member,Fellowship Committee ,Organising Committee,https://www.aoicon2026kolkata.com/assets/images/logo.png
Dr Ashan Ayub Khan,Tours and Travels Committee Member,Tours and Travels Committee ,Organising Committee,https://www.aoicon2026kolkata.com/assets/images/logo.png
Dr Prabir Mondal,Tours and Travels Committee Member,Tours and Travels Committee ,Organising Committee,https://www.aoicon2026kolkata.com/assets/images/logo.png
Dr Utpal Kanti Majumder,Tours and Travels Committee Member,Tours and Travels Committee ,Organising Committee,https://www.aoicon2026kolkata.com/assets/images/logo.png
Dr Pratyusha Sasmal,Tours and Travels Committee Member,Tours and Travels Committee ,Organising Committee,https://www.aoicon2026kolkata.com/assets/images/logo.png
Dr Saileswar Goswami,Food and Beverages Committee Member,Food and Beverages Committee ,Organising Committee,https://www.aoicon2026kolkata.com/assets/images/logo.png
Dr Saumik Das,Food and Beverages Committee Member,Food and Beverages Committee ,Organising Committee,https://www.aoicon2026kolkata.com/assets/images/logo.png
Dr Ganesh Chandra Gayen,Food and Beverages Committee Member,Food and Beverages Committee ,Organising Committee,https://www.aoicon2026kolkata.com/assets/images/logo.png
Dr Somnath De,Food and Beverages Committee Member,Food and Beverages Committee ,Organising Committee,https://www.aoicon2026kolkata.com/assets/images/logo.png
Dr Subrata Mukherjee,Faculty Hospitality Committee Member,Faculty Hospitality Committee ,Organising Committee,https://www.aoicon2026kolkata.com/assets/images/logo.png
Dr Archana Ranade,Faculty Hospitality Committee Member,Faculty Hospitality Committee ,Organising Committee,https://www.aoicon2026kolkata.com/assets/images/logo.png
Dr Prashanta Gure,Faculty Hospitality Committee Member,Faculty Hospitality Committee ,Organising Committee,https://www.aoicon2026kolkata.com/assets/images/logo.png
Dr Soumya Ghatak,Faculty Hospitality Committee Member,Faculty Hospitality Committee ,Organising Committee,https://www.aoicon2026kolkata.com/assets/images/logo.png
Dr Ritam Ray,Faculty Hospitality Committee Member,Faculty Hospitality Committee ,Organising Committee,https://www.aoicon2026kolkata.com/assets/images/logo.png
Dr Rajdip Guha,Invitation Committee Member,Invitation Committee ,Organising Committee,https://www.aoicon2026kolkata.com/assets/images/logo.png
Dr Lalit Roy,Invitation Committee Member,Invitation Committee ,Organising Committee,https://www.aoicon2026kolkata.com/assets/images/logo.png
Dr Anup Bhowmick,Invitation Committee Member,Invitation Committee ,Organising Committee,https://www.aoicon2026kolkata.com/assets/images/logo.png
Dr Saibal Misra,Invitation Committee Member,Invitation Committee ,Organising Committee,https://www.aoicon2026kolkata.com/assets/images/logo.png
Dr Baisakhi Bakat,Invitation Committee Member,Invitation Committee ,Organising Committee,https://www.aoicon2026kolkata.com/assets/images/logo.png
Dr Kanchan Pathak,Gifts and Mementos Committee Member,Gifts and Mementos Committee ,Organising Committee,https://www.aoicon2026kolkata.com/assets/images/logo.png
Dr Faisal Danish,Gifts and Mementos Committee Member,Gifts and Mementos Committee ,Organising Committee,https://www.aoicon2026kolkata.com/assets/images/logo.png
Dr Apurba Sarkar,Gifts and Mementos Committee Member,Gifts and Mementos Committee ,Organising Committee,https://www.aoicon2026kolkata.com/assets/images/logo.png
Dr Biswadeb Ghosh,Gifts and Mementos Committee Member,Gifts and Mementos Committee ,Organising Committee,https://www.aoicon2026kolkata.com/assets/images/logo.png
Dr Subir Mukherjee,Gifts and Mementos Committee Member,Gifts and Mementos Committee ,Organising Committee,https://www.aoicon2026kolkata.com/assets/images/logo.png
Dr Richerd Narjinary,Certificate Committee Members,Certificate Committee ,Organising Committee,https://www.aoicon2026kolkata.com/assets/images/logo.png
Dr Deepjoy Basu,Certificate Committee Members,Certificate Committee ,Organising Committee,https://www.aoicon2026kolkata.com/assets/images/logo.png
Dr Biswa Ranjan Halder,Certificate Committee Members,Certificate Committee ,Organising Committee,https://www.aoicon2026kolkata.com/assets/images/logo.png
Dr Sanjoy Ghosh,Certificate Committee Members,Certificate Committee ,Organising Committee,https://www.aoicon2026kolkata.com/assets/images/logo.png
Dr Ashim Sarkar,Certificate Committee Members,Certificate Committee ,Organising Committee,https://www.aoicon2026kolkata.com/assets/images/logo.png
Dr Kausik Mandal,Information and Coordination Committee Members,Information and Coordination Committee ,Organising Committee,https://www.aoicon2026kolkata.com/assets/images/logo.png
Dr Dhrubojyoti Mukherjee,Information and Coordination Committee Members,Information and Coordination Committee ,Organising Committee,https://www.aoicon2026kolkata.com/assets/images/logo.png
Dr Asish Ghosh,Information and Coordination Committee Members,Information and Coordination Committee ,Organising Committee,https://www.aoicon2026kolkata.com/assets/images/logo.png
Dr Dibyendu Giri,Information and Coordination Committee Members,Information and Coordination Committee ,Organising Committee,https://www.aoicon2026kolkata.com/assets/images/logo.png
Dr Dhrubo Ray,Information and Coordination Committee Members,Information and Coordination Committee ,Organising Committee,https://www.aoicon2026kolkata.com/assets/images/logo.png
